Author,Comment
@TheJazzHopCafe,"ğŸµ What&#39;s your order? I&#39;ll have a matcha latte please. â˜<br>Streaming now across platforms <a href=""http://www.fanlink.to/roast"">www.fanlink.to/roast</a>"
@AsianLofii,"To anybody who&#39;s reading this, I pray that whatever is hurting you or whatever you are constantly stressing about gets better. May the dark thoughts, the overthinking, and the doubt exit your mind. May clarity replace confusion. May peace and calmness fill your life"
@TomCatTunes,"ğŸ¶ Elevate your study and work vibes with this mesmerizing lofi hip-hop masterpiece! ğŸ“šâœ¨ Immerse yourself in the soothing beats that&#39;ll keep you focused and chillaxed throughout your session. ğŸŒ™ Hit play now and create your perfect work atmosphere! ğŸ§ <a href=""http://www.youtube.com/results?search_query=%23lofimagic"">#LofiMagic</a> <a href=""http://www.youtube.com/results?search_query=%23studybeats"">#StudyBeats</a><br><br><a href=""https://www.youtube.com/watch?v=vDKDJUIXA1U"">https://www.youtube.com/watch?v=vDKDJUIXA1U</a>"
@yessumify,"I pray that you reading this will know and experience God&#39;s love and peace ğŸ•Šï¸âœŒï¸ thank you Jesus for giving us eternal life ğŸ™"
@lofihiphop-uc1oy,"Lofi is like that one friend who feels with you your problems, instead of trying to fix them."
@jazzcoffe686,"Imbued with soothing melodies, this music acts as a remedy for stress and fatigue, granting me the ability to decompress and find tranquility after a long and tiring day."
@Lofiambientbackground,"Thanks a bunch for curating such a relaxing space with your lofi beats! Honestly, I&#39;m getting loads of inspiration here for my own musical journey."
@oliviangl,"this is phenomenally good. so underrated. thank you for this!"
@westie430,"WOW. I&#39;m only 3 songs in and I&#39;m hooked. Such gorgeous relaxing music &amp; I love the art. Thank you!"
@doodleschmoodle,"I was going to work on my laptop in a coffee shop this morning but decided to stay home. this is the perfect substitute for the atmosphere"
@CoffeeMelodyJazz,"Enjoyed this relaxing video! May everyone reading this have a great week ahead filled with positivity and happiness!"
@bonsai_records,"MoÅ¼e ktoÅ› streÅ›ciÄ‡, czy goÅ›Ä‡ jej dolewa ciepÅ‚ej kawy, czy ona tam siedzi z pustym kubanem i patrzy jak chÅ‚op przeciera przez godzinÄ™ filiÅ¼ankÄ™? :D"
@hannasitumorang6832,"Really nice and easy listening for my day......like to hear this.......greetings from Jakarta, Indonesia for you guys......tk cr...â¤"
@sunsetloficafe,"<a href=""about:invalid#zCSafez""></a><a href=""about:invalid#zCSafez""></a>"
@thd3383,"If you read this, I really hope you&#39;re alright and well, and if not, You can resolve that because you never give up.Â  <br><br>Don&#39;t forget that you&#39;re special, you&#39;re beautiful in your own way, you matter.<br><br>And remember: Do unto others as you would have them do unto you.<br><br>A virtual hug â¤"
@scottip4077,"USE THIS TO COMMENT WHAT YOU&#39;RE DOING WHILE LISTENING TO THIS PLAYLIST;   I&#39;ll Start:<br><br>- Photoshop (Promo Poster Illustration for my upcoming Animation)"
@user-rc6mp5ms7w,"I swear that&#39;s was good choice of music thank you good sir"
@u5114043,Thanks!
@feser7081,"entre disturbios me levanto, buscando algo,busco la paz que no encuentro de esto no salgo, y si me caigo aprendÃ­ q ue me levanto y no es por que yo quiera es por que no voy a entrar en llanto<br><br>me di cuenta con el tiempo todo sana, y hay que seguir metiendole aunque no tenga ganas, enfocarse en lo suyo ya van a pasar las malas, mientras yo busco el Cash a la edad temprana"
@Horny05,"Very Nice ğŸ”¥ğŸ”¥ğŸ”¥"
@CoffeeJazzMusic2023,"There&#39;s nothing more romantic than hearing the sweet sound of your channel in the stillness of the nightğŸ’–ğŸ’–"
@Hype--7,"if you&#39;re studying to this, good luck<br>if you&#39;re doing homework to this, hope you get amazing grades,<br>if you&#39;re crying to this, hope you know things will get better<br>if you&#39;re being happy to this, hope you stay that way<br>if you&#39;re working out to this, hope you get the size/body you want <br>If you&#39;re working to this, hope you get the job done and done well!<br>if you&#39;re cleaning to this, hope you get it to your standers<br>if you&#39;re waking up to this, hope you have a good day<br>if you&#39;re going to sleep to this, sweet dreams<br>If your playing games to this, hope you win<br>if you&#39;re just here to listen to fill in the silence, hope you enjoy the sound and hope your day will get better<br><br>Remember you&#39;re worth it!!!"
@auntiek1806,ğŸŒ•â˜•ï¸
@MellowMugTunes,"The selection of tracks is pure bliss, and they pair perfectly with a warm cup of coffee. Each song is like a soothing sip of calm in a busy world. Thank you for curating such an incredible playlist that&#39;s become a source of comfort and tranquility in many lives.<br>Enjoy your coffee, take a moment to chill, and let this playlist work its magic."
@felipewagnerf7amv,oi
@KramerPacer83,"Great music, but defintely not Japanese. Sounds more Chinese to me with that Erhu coming in so much."
@akillu8570,"Missing Japan â¤"
@BlackFang7,"i feels so comfy when i listening to this, thankk you!"
@jorgemendez9082,"Now I have no excuse to not be productive at work. ğŸ¤·ğŸ»â€â™‚ï¸"
@lofiboyrecordss,"Check out my new Lofi video â¤<br><a href=""https://www.youtube.com/watch?v=TpfYwqeXSME"">https://www.youtube.com/watch?v=TpfYwqeXSME</a>"
@SweetJazz99,"So  relaxing..Thank you for making this wonderful music"
@LofiKittyLull,"Its really amazing how far your channel has come! The calming lofi, the cute animations and most of all the time you have put into it! Thank yuo so much and keep it up!"
@soudavid,"Without a shadow of a doubt, this is my favorite channel on all of YouTube! â¤<br>Brazil ğŸ’šğŸ’™ğŸ’›"
@JennieYoung-uf8hd,"You have an incredible talent for matching the right visuals to the music. It&#39;s like the videos come alive!"
@jesusthegiftofgod3625,"Jesus is the Way, the Truth, and the Life. Jesus said to Thomas, &quot;I am the way, the truth, and the life. No one comes to the Father except through Me&quot;. There is only one way to heaven. That Way is Jesus and his word of truth. No other can grant us eternal life."
@LofiSpaceArt,"The community of lofi music enthusiasts is growing, with many artists producing and releasing lofi music on online platforms. People often seek out lofi music on YouTube, Spotify, and music streaming apps to enjoy this genre."
@Lofi_pianocover,"Best Lofi Song https://youtu.be/ASJpdisWJho?si=EHVg09BJyqw_R9Ij â¤â¤"
@kokorobugyo3544,ok
@GorillaRelaxingplace,"I Hope all of you have a wonderful day ğŸ’™ğŸµ"
@selfchiropractor7167,ãƒ¤ãƒğŸ‰æ–°ã—ã„ã‚¸ãƒ£ãƒ³ãƒ«ã©ãƒãƒãƒªğŸ‰
@jianmarketing,"Amazing pictureee"
@justinsalazar1685,"Just kidding everyone enjoy the day!"
@justinsalazar1685,"Donâ€™t know if someone is reading thisâ€¦â€¦:::  and I donâ€™t care ğŸ˜…"
@user-sn1mi7zz2d,"This is my drawing companionğŸ¥°ğŸ¥°ğŸ¥°"
@user-qo4rs4xz3d,"Morning everyone!! <br>I&#39;m working on a short story, using the 54 min to just free write, no stopping! Good luck and best wishes to everyone else studying, working, or best of all, chilling! :3"
@aestheticgirl.studio,"A ramen and a coffee please"
@kevinwisanggeni7096,"ice vietnam coffe please"
@kei_yw,"This lovely coffee shop is closed, sad ("
@JoshDavion,"212nd Commented ğŸ’™ : We&#39;re back again to this video."
@DeepHealingMusic333,"To the beautiful soul ğŸŒº"
@Jay-ft3xh,"Elaz and Atamatoki with Rosuto.... yes. Yes! YES!"
@MusynthAbstract,"<a href=""https://www.youtube.com/watch?v=ix_KyixALII&amp;list=LL&amp;index=1"">https://www.youtube.com/watch?v=ix_KyixALII&amp;list=LL&amp;index=1</a>"
@KY.F9,"As dores e incertezas da vida sÃ£o apenas pedras no caminho, se olhar mais a frente verÃ¡ que estÃ£o aÃ­ para te ajudar, descanse, beba um cafÃ© ou um chÃ¡zinho se preferir, leia um livro e sinta o sol do dia em seu rosto, apesar de tudo isso que torna a vida, bem... a vida"
@livpeven,"this is my favourite mix :3 thank you!"
@Prince.Archareuxxx,"Have a nice day everyone!"
@DDP-np6ds,"This is exactly what I needed right now...<br>Some hot Genmaicha and vibes!!!!"
@MySoothingCorner,"I love this video! It&#39;s so relaxing and calming. I&#39;m definitely subscribing to your channelğŸ˜"
@PianoJazzCafe,"Nothing beats the old classical Christmas music. Makes you feel that despite all the hard things we&#39;ve been through the year somehow it&#39;s going to be alright."
@BLUEHALO-dk3yh,"It&#39;s a relaxing YouTube. Thank you"
@red_ashcroft,"I hope everyone find themselves in a comfortable position and relaxing to these beautiful music! Have a great day!"
@relaxingmusicbgm268,"This smooth jazz is so soothing to the heart and soul! â™¡ Love it!"
@aparna5532,"To whoever reading this and struggling with your academics, work life and mental health at the moment..I see you and you are not alone! ğŸ¥º Donâ€™t be scared of failing and quit thinking about outcomes. Just try your best and never lose hope! Youâ€™re doing your best and Iâ€™m proud of you, stranger! You got this âœ¨Donâ€™t forget to stay hydrated and take breaks â¤ Fighting!"
@instantsleep23,"To everyone tuning into this jazzy lofi mix, may the warm notes and soothing beats wash over you like a comforting cup of coffee on a chilly morning in Kyoto. In these moments of musical bliss, I genuinely hope that all your worries and anxieties begin to dissolve. Let the intricate melodies guide your thoughts away from the chaos and towards serenity. And as you find solace in these beats, remember that every sunrise offers a new beginning. Here&#39;s to finding moments of peace in the midst of life&#39;s hustle. Stay centered, and may your heart find its rhythm. ğŸµğŸ¶ğŸŒ¸ğŸ‡¯ğŸ‡µ"
@kaizokamikaze5150,"i just open the video for 3sec and just want to write this as 5 start if i can rating it"
@TheMelodyOfHeaven,"Hello :), How do you find my new lofi music (streamed yesterday)? <a href=""https://www.youtube.com/live/CjzwekxYOuo?feature=shared"">https://www.youtube.com/live/CjzwekxYOuo?feature=shared</a>"
@quincymary3850,ğŸ˜ƒ
@jazzmusic.station,"Wishing everyone a wonderful day!"
@BUGPLAYS,"I appreciate the fact everyone in the lofi community, especially Jazz Hop Cafe, is here to mentally escape life for a bit and offer up kindness instead."
@Wckd79,"I live in Kyoto and recognized the inspiration for the artwork immediately . <a href=""https://maps.app.goo.gl/PkqLp8pcdGYNr38r7"">https://maps.app.goo.gl/PkqLp8pcdGYNr38r7</a>"
@romalac24,"<b>*Welcome to LofiVibe Relax: Your Oasis of Serenity in the Digital World*</b><br><br>Are you looking to escape the chaos of everyday life? Seeking solace in a world filled with endless hustle and bustle?<br><br>to my channel video link <br><br>[lofiVibe Relax ](<a href=""https://www.youtube.com/channel/UCDqB3MSRCSqZPTUqRUOtOWQ)"">https://www.youtube.com/channel/UCDqB3MSRCSqZPTUqRUOtOWQ)</a>"
@LofiontheRooftop,"peacefull, nice music, thank for sharing, love it"
@koalaTtime,"I keep coming back to this playlist its just so relaxing :)"
@NowYoga.,"This is truly a great video. I am a yoga YouTuber from Jeju Island, Korea. If you are interested in Korean, please come visit us^^ Have a nice day^^"
@FunyVibes154,â¤â¤
@Renvaar1989,"Damn I wish I could open a little coffee shop and play this stuff all day..."
@user-io5zj3wx9l,"We appreciate audios like this. Theyâ€™re enjoyable to listen to.. I love these Japan vibes.."
@satoshiyt4193,"you are my favorite person but not today ;) <br>Eastern September 24, 2023"
@GambitRaps,"Love this, right in time for autumn. Thanks for uploading!"
@LearnWithFun391,"Promo sm <a href=""http://www.youtube.com/results?search_query=%23lofi"">#lofi</a> <a href=""https://youtu.be/akHTHLGqahg"">https://youtu.be/akHTHLGqahg</a>"
@BetoOro62,"Awesome background amazing music â¤"
@lofihitsmusic,ğŸ”¥
@MellowMindfulMusic,"Love these sounds, helps me stay peaceful"
@user-yc6pv4nj8u,"This is great music, love it. Serence, mysterious and magical.. I love these Japan vibes.."
@LazyTurtle-qv2ox,"This is great music, love it. Serence, mysterious and magical."
@LofiAilurophile-lq4oi,"This is so beautifulâ¤  I am so sad that I donâ€™t get to watch your videos live anymore ğŸ˜¢"
@TGFTTGFFGTTRUEFHROWHEF,"making  expresso now~<br>with forex trading.~    floating profit $84,000+"
@of.sunset,"Why arenâ€™t these on Spotify anymore?"
@gabrielserafim3141,"que coisa mais linda! â¤"
@nikiblack8363,"Wow what a vibe man , love thisâ¤ğŸ˜ŠğŸ˜"
@soulcharlie,"I donâ€™t know who you are but I wish you a happy life!â¤"
@kristenj2009,"Amazing artwork! Also, I&#39;ll have a mocha, 1 sugar please â˜"
@riya1100,"man, i love your channel"
@JazzHappyLife,"Hey friends who are reading my comment don&#39;t worry God will come with measures in your life everything will be fineâ™¥"
@jazzcoffeetimechannel,"So great for when studying! Perfect balance of piano and rain sounds to keep me focused (:"
@cristiangnecco702,"Love this set! thank you so much for the music and art as well. It helps me to stay focused and being relaxed at the same time"
@CH1LLAXE,"This is amazing! I make lofi as well, come check out some of my songs sometime! :)"
@relaxingjazzsaxophone,"Iâ€™ve never felt so relaxed on a rainy video, I love commenting stuff even if no one sees it, it makes me feel so free to just type how Iâ€™m feeling which brings me so much peaceğŸ¥°"
@OneStarOfficial,"I don&#39;t want much, I just want the person reading this to be healthy, happy, and loved. Wishing you a good day my friend. ğŸ˜€ğŸ‘ğŸ˜€"
@aihumansa1music,"perfect sound to start your day! Thank you for this!"
@user-ep9je7rb6q,ç´ æ•µãªéŸ³è‰²ã§ç™’ã•ã‚Œã¾ã™ï¼
@DailyLofiChill,"To whoever might stumble upon this message, whether by chance or fate: You are truly incredible and radiate beauty from within. Remember that your potential knows no bounds, and I have absolute faith in you! ğŸ’– Here&#39;s to hoping your day is filled with positivity and warmth, dear friend. ğŸŒŸğŸŒ¿"
@thecoffemusic,"I know my comment is easily lost here, but if you&#39;re reading this, it&#39;s no coincidence. Be sure, gain strength! Even if you are going through something very difficult in your life. Believe that everything will work out! This is just a phase, hang on! I know we don&#39;t know each other, but I believe in you! Rest assured that God is always on your side!"
@itsjustnatalia,"I swear to god, no matter how many lofi channels I find, I always end up coming back to this one. There is something seriously special about your artwork and playlists âœ¨âœ¨"
@vigilantes4982,"Greatest Mix"
@LateonDaBeat-wp7zx,"looove the 7th chords in these beats"
@ChillBeatsDaily,"perfect for the morning routine ğŸ˜"
@BlissfulBeat151,"What an incredible vibe and mix! It&#39;s absolutely perfect for setting the mood for Japan cafe adventures. ğŸµğŸŒ¸ Thank you once again for the honor of featuring my tracks on this compilation. â¤â¤â¤ Your support is greatly appreciated! ğŸ¶ğŸ™"
@WildMusicArt-jf6vx,"<b>My friend, Thank you for your hard work in making the video. I enjoyed the good video. Have a happy day.</b>"
@Emma_476,"It was very relaxing"
@CoffeeRelaxingJazzy,"This is great. The music is beautiful, it calms. I am sincerely grateful to you for it"
@Shaman42069,"I&#39;m trying to find that LoFi Swing/Jazz/HipHop mix from The Jazz Hop CafÃ© (The one that includes Billy Holiday saying &quot;Thank you very much, ladies and gentlemen), but it doens&#39;t appear anywhere. It&#39;s my favorite one and I&#39;d love to find it - does anyone know if its been removed? Thanks!!"
@cafechillmood,"What an incredible vibe and mix! It&#39;s absolutely perfect for embarking on Japan cafe adventures. ğŸµğŸŒ¸ Thank you once more for the honor of featuring my tracks on this compilation. â¤â¤â¤"
@CafeSpaceJazz,"Your music relaxes me so well"
@MundoLofi,"I really enjoy this"
@LofiCommunity,"Absolutely loved this content! ğŸŒŸ Been trying to create similar vibes on my channel. Anyone else here passionate about some mix of Lofi and other Music? Would love to connect and share ideas! ğŸ’¡ğŸ¥"
@sneezecat5676,"I love what i&#39;m seeing there. It inspires me so much.. i want to be like the bartender.. peaceful, proud of his drinks and happy to see people loving it..â¤  BEAUTIFUL ğŸ˜­â™¥ï¸"
@Robertoclos-ib7cc,"In the name of Allah, I invite you to worship Allah alone: I bear witness that there is no god but Allah, and I bear witness that Muhammad is the Messenger of Allah. These words make you a servant of Allah.  ...........   ..........."
@joshhoe,"Amazing vibe and mix !! Perfect for Japan cafe adventures !! Thank you again for the privilege of having my tracks on the comp â¤â¤â¤"
@JesusGarciaParrado,â˜•
@MimiChillVibes,"What a lovely message! Even if you&#39;re unsure who&#39;s reading this, your words are heartfelt and uplifting. Thank you for spreading positivity and kindness. I believe in you too! Wishing you a wonderful day filled with joy and warmth. ğŸŒ¸ğŸ’–ğŸŒŸ"
@superemotes,"pepeD POLICE POLICE POLICE"
@drewalyson5799,"The backgound animation look sooo cozy! ğŸ˜ğŸ˜ğŸ˜"
@AlbaMusicArt,"Have a good day, life is unfair sometimes so we have to be fair for everyone in it. &lt;3"
@ComusCat,"I have always loved jazz ! You have created a perfect combination ğŸ‘"
@juanvillarrealsaez8042,Excelente!
@Lostonthisisland,"Absolutely loving this one! The music is wonderful, the art is cozy. I love it when there&#39;s movement in it- I feel like I could crawl into my screen, duck out of the rain and have a pleasant conversation with those two &lt;3"
@varinialynn,"I am always excited for these! Japan vibes always make them better too.(;"
@LazyDogMusicArt,"<b>Great job! I&#39;m obsessed with this!ğŸ˜ŠğŸµğŸ‘ğŸ˜ŠğŸµğŸ‘ğŸ˜ŠğŸµğŸ‘ğŸ˜ŠğŸµğŸ‘ğŸ˜ŠğŸµğŸ‘ğŸ˜ŠğŸµğŸ‘ğŸ˜ŠğŸµğŸ‘</b>"
@JoonEasel,"ë©‹ì§„ ì˜ìƒ ê°ì‚¬í•©ë‹ˆë‹¤ ^^ ìŒì•…ê³¼ ì˜ìƒì´ ì¢‹ì•„ìš”^^"
@RelaxJazzCafe1990,"To everyone reading this and listening. Close your eyes, inhale and feel the air in your lungs give life to your beautiful soul. and as you exhale, release the tension in your shoulders, ease the tension in your neck and the back of your head. Allow peace to flow inside of every fiber and vein in your body. You are doing great. No matter what you are going through. You will be just fine. Hugs to you all."
@JazzCoffeeShopOfficial,"This youtube update that shows what song is playing in which section of the video is so helpful"
@anthonyle9308,ğŸµğŸ‘ğŸ¼
@user-rv5xi2fc1w,é€™æ¬¡çš„å¾ˆå¥½è½ï¼Œæ¯é¦–éƒ½å°åˆ°æˆ‘çš„é »ç‡ï¼Œæœ‰å¥½å¹¾é¦–éŸ³èª¿å¾ˆèˆ’æœ
@RelaxingLofiBeats21,"Good morning, jazz hop enthusiast! ğŸŒ This mix will be your perfect companion to make the workday breeze by, even on a slow holiday. Keep the positive vibes flowing, and enjoy your Labor Day! ğŸ˜ŠğŸµğŸ‘"
@CozyLofiAmbiance192,"This is incredibly cozy and exceptionally relaxing! Thank you very much for sharing in this wonderful experience. ğŸŒŸğŸ˜Œ Enjoy the tranquility!"
@ninas4968,"Oooh ğŸ˜¯ I love this ğŸ‘ğŸ¼â¤ï¸"
@lofigamma,"You always have excellent mixes."
@valerydm1987,"soooo relax :)"
@alexanderlonewolf,Nice
@mateoben7120,"Makes my day better every time <a href=""about:invalid#zCSafez""></a>"
@bima8033,"fresh music as always â¤"
@fatmanurakkiraz5523,"It&#39;s so good for study thank you..."
@cheekyjazzhop,"Great start, I lover Erwin&#39;s sound."
@ancaryvan4811,"ğŸ˜® Wow can&#39;t believe I&#39;ve to touch the thumbnail 5 TIMES to get this clip properly. ğŸ˜‘ The commercials"
@Doseplays1,"For those wondering what the japanese on the stores say from left to right:<br><br>ã‚‰ã‚ã‚“ - Ramen, more commonly written as ã‚‰ãƒ¼ã‚ã‚“ or ãƒ©ãƒ¼ãƒ¡ãƒ³<br><br>é˜®æ¸…åœ‹ (small brown sign next to ramen shop, probably the store name itself) - &quot;the pure country&quot;, é˜® denoting place name, æ¸… kanji meaning pure / alternative spelling of æ˜ (bright), åœ‹ archaic spelling of å›½ country (fitting for kyoto)<br><br>å—ã€€å—æµ·è—è¡“ ã‚¹ã‚¿ã‚¸ã‚ª æ—¥æœ¬ - Southern ocean art studio japan, å— (the one in the circle) south, å—æµ· southern ocean, è—è¡“ archaic spelling of èŠ¸è¡“ arts / the arts, ã‚¹ã‚¿ã‚¸ã‚ª studio, æ—¥æœ¬ Japan<br><br>é›»è©± - phone (shortened from é›»è©±ç•ªå· phone number). Fun fact, kyoto&#39;s area code is actually 075 not 085. The number on the sign would be from either Shimane or Tottori province.<br><br><br>I&#39;ve only passed the N5 so these might not be completely correct."
@lisaarney1531,"Enjoying every drop,  keep me coming back for refills â¤"
@geeggeeg,"ARE WE GETTIN A NEW SPOOKY AUTUMNAL MIX??? jazzhop pull THRUUU"
@mostlyclearlofi,"Something I miss doing on trips. Just taking my time with a meal. Letting time wash over you, without a care in the world"
@mitch1668,"Great artwork and atmosphere on this one!"
@omgitzsirairhorn,"To whomever is reading this, THERE&#39;S BUGS UNDER YOUR SKIN GET THEM OUT"
@dmappzoom6778,"good morning jazz hop family, this mix is gonna help me get through a long boring day at work. especially since I&#39;m working on one of the slowest days of the year, which happens to be labor day.ğŸ˜Š"
@loroperla,"I miss rainy days so much"
@REPEATING89,Subscribed
@JoeSchmoHere,"I am straight vibbin&#39;,<br> this is a choice one for sure"
@heinebjergsen8536,"I love these Japan vibes."
@valentijnlos2173,"The greatest lofi channel on youtube nice to chill out on a troubelsome monday"
@soratafall,"this was so amazing... thank you very much!!ğŸ’›â˜•"
@Marianne019,"I want to be in a place with cobbled streets and little cafes like this one. A slow and peaceful life. What a vibe."
@online247365,"A comment for the algorithm.ğŸ‘ğŸ»"
@bigbtennessee2534,"ğŸ‘ Yall did a great job"
@_analina_,"I just love this lofi channel with all my heart â˜ï¸ The music, the artwork, the atmosphere...everything is just incredible ğŸ‚ğŸ¤"
@SSLofi_Music,"Don&#39;t know if someone is reading this, but if you are: You are amazing and beautiful! I believe in you! ğŸ’—  Wishing you a good day my friend. ğŸƒ"
@sophiaisabelle000,"We appreciate audios like this. Theyâ€™re enjoyable to listen to."
@Sumedha_675,"I love the artwork!! It&#39;s so pretty! &lt;3<br>Also, if you&#39;re early, I hope you have a wonderful day! Let&#39;s relax while listening to this awesome mix by JazzHop CafÃ©!! <br>If you&#39;re late, don&#39;t worry. I hope you also have a lovely day and enjoy your time while listening to this mix!! <br>Thanks for reading! Remember to take care of yourself! :)"
@KinBlofi,"To anybody reading this, I pray that whatever is hurting you or whatever you are constantly stressing about gets better. May the dark thoughts, the overthinking, and the doubt exit your mind may clarity replace confusion. may peace and calmness fill your life. ğŸ¥°"
@TheJazzHopCafe,"ğŸµ What&#39;s your order? I&#39;ll have a matcha latte please. â˜<br>Streaming now across platforms <a href=""http://www.fanlink.to/roast"">www.fanlink.to/roast</a>"
@jamesherman3750,"This art direction sucks. And feels like you are using AI. Man, miss old Jazz Hop."
@TheOneGuitarGuy,"Lovely compilation. Thank you."
